岗位名称,公司,规模,公司领域,学历要求,经验要求,技能需求,福利待遇,薪资,薪资原文,省,市,区,商圈,经度,纬度,岗位链接,jobId
金铲铲游戏测试（双休加班车＋有加班费）,亿达信息,1000-9999人,计算机软件,大专,1-3年,['手游测试经验'],"['补充医疗保险', '加班补助', '定期体检', '五险一金', '带薪年假', '节日福利']",10500.0,8-13K,广东,深圳,宝安区,西乡,113.8667792011987,22.53675245743798,https://www.zhipin.com/job_detail/524ea0b76934a1040nB639m5ElFX.html,524ea0b76934a1040nB639m5ElFX
和平精英游戏测试,麦思吉,100-499人,互联网,大专,1-3年,"['丰富的游戏经验', '手游测试经验', '计算机相关专业', '主机游戏测试经验']","['节假日加班费', '交通补助', '带薪年假', '零食下午茶', '法定节假日三薪', '五险一金', '加班补助', '节日福利', '员工旅游', '绩效奖金', '年终奖', '通讯补贴']",7000.0,6-8K,广东,深圳,,,113.937777,22.54575,https://www.zhipin.com/job_detail/7817165a759da6fe031y3ty_FVJS.html,7817165a759da6fe031y3ty_FVJS
游戏测试,深圳博星耀传媒,0-20人,计算机软件,学历不限,在校/应届,"['游戏', '游戏测试', '测试']","['底薪加提成', '法定节假日三薪', '团建聚餐', '保底工资', '有无线网', '节假日加班费', '五险一金', '生日福利', '零食下午茶', '绩效奖金', '员工旅游', '年终奖', '带薪年假']",9500.0,7-12K,广东,深圳,福田区,车公庙,114.05548,22.544124,https://www.zhipin.com/job_detail/ffb9e02719aed7210nB72N65EVRQ.html,ffb9e02719aed7210nB72N65EVRQ
各类游戏测试-外包腾讯可内推加班费福利好,软通动力,10000人以上,计算机软件,大专,经验不限,['丰富的游戏经验'],"['带薪年假', '五险一金', '交通补助', '定期体检', '零食下午茶']",10000.0,8-12K·13薪,广东,深圳,宝安区,西乡,113.8648245890703,22.542575527658503,https://www.zhipin.com/job_detail/f8dcfe83dba1fc6d03162t-8F1NQ.html,f8dcfe83dba1fc6d03162t-8F1NQ
游戏测试 周末双休,中软国际,10000人以上,计算机软件,大专,3-5年,"['Python', 'MySQL', 'JMeter', '计算机相关专业', '手游测试经验', '主机游戏测试经验', '丰富的游戏经验', '软件测试经验', '独立设计测试用例', '游戏功能测试', '用例设计能力比较强']","['节假日加班费', '定期体检', '免费班车', '零食下午茶', '五险一金', '节日福利', '带薪年假', '年终奖']",7500.0,7-8K,广东,深圳,南山区,科技园,113.934497,22.540517,https://www.zhipin.com/job_detail/bf93392491bf843f0nJ609u1F1pR.html,bf93392491bf843f0nJ609u1F1pR
游戏外挂测试/视频审核（FPS）,腾云忆想,1000-9999人,互联网,大专,1-3年,"['fps', '三角洲手游', '彩虹六号']","['有无线网', '五险一金', '带薪年假', '节日福利', '法定节假日三薪', '年终奖', '零食下午茶', '绩效奖金', '出差补贴']",5500.0,5-6K,广东,深圳,南山区,科技园,113.93284,22.541466,https://www.zhipin.com/job_detail/ad621b8974f5d8c80nZ63dS6FVJT.html,ad621b8974f5d8c80nZ63dS6FVJT
游戏测试（长期稳定+双休+大厂福利）,武汉佰钧成技术,1000-9999人,计算机软件,大专,经验不限,[],"['节日福利', '补充医疗保险', '定期体检', '五险一金', '带薪年假']",9000.0,7-11K·13薪,广东,深圳,宝安区,西乡,113.85489,22.56321,https://www.zhipin.com/job_detail/9aafed450ae923140nF40t68FFVZ.html,9aafed450ae923140nF40t68FFVZ
游戏测试（大厂双休）,博彦科技,10000人以上,计算机软件,大专,1-3年,"['手游测试经验', 'tapd', '游戏功能测试', '游戏测试', '版本测试', '游戏性能测试', '计算机相关专业', '主机游戏测试经验']","['五险一金', '年终奖', '定期体检', '免费班车', '带薪年假', '节日福利']",10500.0,8-13K,广东,深圳,南山区,科技园,113.943561,22.548272,https://www.zhipin.com/job_detail/19378d0812e7a2ab1Hxz2dm-E1VS.html,19378d0812e7a2ab1Hxz2dm-E1VS
深圳急招游戏测试工程师,中电金信,10000人以上,计算机软件,大专,1-3年,"['Shell', '丰富的游戏经验', '手游测试经验', 'MySQL', '专项测试', '游戏测试', '计算机相关专业', '主机游戏测试经验', 'Python']","['节日福利', '补充医疗保险', '五险一金', '定期体检']",9500.0,7-12K,广东,深圳,南山区,科技园,113.943561,22.548272,https://www.zhipin.com/job_detail/411f17e8b1f71a0f03J72dy4ElRS.html,411f17e8b1f71a0f03J72dy4ElRS
游戏测试工程师（公司正编岗）,尚游游戏,100-499人,游戏,大专,经验不限,"['丰富的游戏经验', '手游测试经验', '计算机相关专业']","['年终奖', '加班补助', '餐补', '员工旅游', '带薪年假', '五险一金', '定期体检', '补充医疗保险', '节日福利', '零食下午茶']",14500.0,11-18K·13薪,广东,深圳,南山区,科技园,113.951215,22.537914,https://www.zhipin.com/job_detail/f2b9b5e530e949690nZ43Ny9FFdT.html,f2b9b5e530e949690nZ43Ny9FFdT
游戏测评工程师（实习可转正）,腾讯,10000人以上,互联网,本科,在校/应届,"['射击游戏', '格斗游戏', 'RPG游戏', '接受实习/在校生投递']","['交通补助', '员工旅游', '免费班车', '有无线网', '定期体检', '五险一金', '节日福利', '公仔周边活动', '免费健身房', '意外险', '带薪年假', '补充医疗保险', '团建聚餐', '年终奖']",17500.0,15-20K·15薪,广东,深圳,南山区,科技园,113.943561,22.548272,https://www.zhipin.com/job_detail/701f445fadcf27d303Z-2N-4GFJU.html,701f445fadcf27d303Z-2N-4GFJU
海外游戏测试工程师,深圳市星河视觉设计,0-20人,文化艺术/娱乐,学历不限,1-3年,[],[],12500.0,10-15K,广东,深圳,宝安区,西乡,113.8550369203974,22.5747013060348,https://www.zhipin.com/job_detail/5d985a5720159a490nF43Nm5EVVT.html,5d985a5720159a490nF43Nm5EVVT
游戏测试,必凡娱乐,100-499人,游戏,大专,1-3年,"['计算机相关专业', '功能测试', '游戏测试']","['年终奖', '定期体检', '股票期权', '员工旅游', '节日福利', '交通补助', '团建聚餐', '零食下午茶', '带薪年假', '五险一金', '生日福利']",10500.0,8-13K·13薪,广东,深圳,南山区,前海,113.90032513852363,22.537209008877216,https://www.zhipin.com/job_detail/1996066134a8339e03172tu5EFNS.html,1996066134a8339e03172tu5EFNS
游戏测试工程师-深圳射击项目,字节跳动,10000人以上,互联网,学历不限,在校/应届,[],"['免费健身设施', '就近租房补贴', '年度体检', '团建聚餐', '补充医疗保险', '住房补贴', '定期体检', '意外险', '年终奖', '家属自选保险', '股票期权', '绩效奖金', '餐补', '五险一金', '带薪年假', '家庭关爱假']",12500.0,10-15K·15薪,广东,深圳,南山区,科技园,113.94692544450676,22.529124205919175,https://www.zhipin.com/job_detail/d2228c5628725b9a0nF929W8GFpS.html,d2228c5628725b9a0nF929W8GFpS
游戏测试兼职,广东现代国际市场研究,100-499人,咨询,学历不限,经验不限,['游戏玩家'],[],,20-25元/时,广东,深圳,南山区,科技园,113.943159,22.547253,https://www.zhipin.com/job_detail/fed939a73665279703J739q-EFRT.html,fed939a73665279703J739q-EFRT
腾娱-游戏测试-金铲铲,腾讯,10000人以上,互联网,本科,1-3年,[],"['五险一金', '餐补', '零食下午茶', '免费早晚餐', '带薪年假', '免费健身房', '员工旅游', '定期体检', '股票期权', '住房补贴', '年终奖', '交通补助', '免费班车', '包吃', '补充医疗保险', '节日福利', '公仔周边活动']",15000.0,12-18K·14薪,广东,深圳,宝安区,西乡,113.86425625837761,22.540686129958754,https://www.zhipin.com/job_detail/eed4fa0bf52e1aab0nJ52t66E1VZ.html,eed4fa0bf52e1aab0nJ52t66E1VZ
【游戏测试】 大逃杀方向,微创软件,10000人以上,计算机软件,学历不限,1-3年,"['手游测试经验', '主机游戏测试经验', '丰富的游戏经验']","['年终奖', '补充医疗保险', '免费班车', '节日福利', '带薪年假', '五险一金', '零食下午茶', '定期体检', '员工旅游']",6500.0,6-7K,广东,深圳,宝安区,西乡,113.86676393709529,22.53957937330717,https://www.zhipin.com/job_detail/4ae424e0a3a144f30nJ42t27EFBS.html,4ae424e0a3a144f30nJ42t27EFBS
游戏测试（远程办公）,摩登世纪,20-99人,互联网,学历不限,3-5年,"['unity', '丰富的游戏经验', '手游测试经验', 'PC游戏', '主机游戏测试经验', '独立游戏']","['五险一金', '年终奖', '带薪年假', '节日福利', '补充医疗保险', '弹性时间']",14500.0,11-18K,广东,深圳,南山区,南山中心,113.921394,22.516729,https://www.zhipin.com/job_detail/4304f6ebf3e512ef0nd82dW_EFFU.html,4304f6ebf3e512ef0nd82dW_EFFU
游戏测试-深圳,某大型游戏上市公司,10000人以上,游戏,大专,1-3年,[],"['带薪年假', '定期体检', '补充医疗保险', '股票期权', '五险一金', '年终奖', '包吃', '餐补', '节日福利', '免费班车', '员工旅游', '交通补助']",20000.0,15-25K,广东,深圳,,,113.972809,22.556084,https://www.zhipin.com/job_detail/8c9c7ba9feb777210nVy3dS_FVdS.html,8c9c7ba9feb777210nVy3dS_FVdS
在研3D动作游戏——游戏测试开发工程师,大梦龙途文化传播,1000-9999人,游戏,本科,3-5年,[],"['生日福利', '带薪年假', '零食下午茶', '五险一金', '定期体检', '年终奖']",15000.0,12-18K,广东,深圳,南山区,科技园,113.943159,22.547253,https://www.zhipin.com/job_detail/349650e578f304960nFz3Ni8FVBX.html,349650e578f304960nFz3Ni8FVBX
初级游戏测试工程师,法本,10000人以上,计算机软件,大专,经验不限,[],"['节日福利', '企业文化', '五险一金', '带薪年假', '零食下午茶']",8000.0,6-10K,广东,深圳,南山区,科技园,113.944866,22.552992,https://www.zhipin.com/job_detail/a0160e812f00c13103x90965F1NQ.html,a0160e812f00c13103x90965F1NQ
游戏测试/体验员,儒艮,100-499人,计算机软件,中专/中技,1年以内,"['动作游戏', '桌面游戏', '格斗游戏', '第一人称射击类', '第三人称射击类', '角色扮演游戏', '策略游戏']","['全勤奖', '住房补贴', '带薪年假', '加班补助', '五险一金', '年终奖']",10500.0,10-11K,广东,深圳,宝安区,新安,113.905316,22.568325,https://www.zhipin.com/job_detail/e8b0f2db6b7d54fa1XR529q5GVJT.html,e8b0f2db6b7d54fa1XR529q5GVJT
游戏测试,深圳腾娱互动科技,1000-9999人,游戏,本科,1-3年,"['手游测试经验', '丰富的游戏经验']","['年终奖', '定期体检', '补充医疗保险', '五险一金']",13500.0,12-15K·14薪,广东,深圳,宝安区,西乡,113.8648245890703,22.542575527658503,https://www.zhipin.com/job_detail/6da858cb77f052e40nF60ti4EFtX.html,6da858cb77f052e40nF60ti4EFtX
游戏测试,威尔迪科技,0-20人,游戏,学历不限,1-3年,[],[],8500.0,7-10K·14薪,广东,深圳,宝安区,西乡,113.872741491439,22.59257220002324,https://www.zhipin.com/job_detail/6ea5c544e4db168f0nJ63Ny1GVFY.html,6ea5c544e4db168f0nJ63Ny1GVFY
游戏测试助理,深圳市利广信息技术,0-20人,计算机软件,大专,经验不限,"['Java', 'Python', 'C++', 'MySQL', 'LoadRunner', '计算机相关专业', '手游测试经验', '主机游戏测试经验', '软件测试经验', '开发经验']",[],8000.0,7-9K·13薪,广东,深圳,宝安区,西乡,113.872656,22.570167,https://www.zhipin.com/job_detail/dec380119ce2f8600nR53ti8EFdT.html,dec380119ce2f8600nR53ti8EFdT
初级游戏测试工程师,广州纬源科技有限公司,20-99人,互联网,大专,经验不限,"['Python', 'MySQL', 'JMeter']","['五险一金', '意外险', '定期体检', '年终奖']",8500.0,7-10K,广东,深圳,龙华区,民治,114.015789,22.65377,https://www.zhipin.com/job_detail/6bc9ef1a1b0d343a0nJ73dy8E1FS.html,6bc9ef1a1b0d343a0nJ73dy8E1FS
游戏测试工程师,瀚科瑞创,0-20人,互联网,本科,5-10年,"['棋牌游戏测试', '游戏测试', '游戏', '棋牌', '甲方公司']","['节日福利', '零食下午茶', '包住', '交通补助', '五险一金', '定期体检', '住房补贴', '餐补', '宿舍有空调', '绩效奖金']",20000.0,15-25K·13薪,广东,深圳,,,114.060384,22.567641,https://www.zhipin.com/job_detail/79eed3c5cd1b1d070nFz29-1FFBS.html,79eed3c5cd1b1d070nFz29-1FFBS
兼职手机游戏测试,深圳市乐乐通科技,0-20人,社交网络与媒体,学历不限,经验不限,['兼职，副业，在家办公，远程办公'],[],,20-50元/时,广东,深圳,宝安区,沙井,113.803653,22.73221,https://www.zhipin.com/job_detail/b9fa347b8e1ed7b803Fz2d-7EVFQ.html,b9fa347b8e1ed7b803Fz2d-7EVFQ
游戏测试工程师,松壳网络,100-499人,游戏,大专,3-5年,"['自动化测试', '游戏测试', '游戏']","['零食下午茶', '节日福利', '团建聚餐', '年终奖', '带薪年假', '定期体检', '全勤奖', '生日福利', '五险一金']",10000.0,8-12K,广东,深圳,宝安区,西乡,113.9022954579218,22.570278573686096,https://www.zhipin.com/job_detail/dec01645ac20ede41HB52ti_ElJQ.html,dec01645ac20ede41HB52ti_ElJQ
游戏测试员,玲龙达,20-99人,电子/半导体/集成电路,中专/中技,1-3年,"['C++', '手游测试经验', '主机游戏测试经验', '丰富的游戏经验', '好', '美', '高']",[],6500.0,6-7K,广东,深圳,南山区,西丽,113.926192,22.586253,https://www.zhipin.com/job_detail/f8a7b3c32844539d1Hd72d2_GFtW.html,f8a7b3c32844539d1Hd72d2_GFtW
